{
	"credit": "Made with Blockbench",
	"texture_size": [8, 48],
	"textures": {
		"0": "item/dagger/blade_base",
		"1": "item/dagger/blade_half",
		"2": "item/dagger/base",
		"particle": "item/dagger/blade_base"
	},
	"elements": [
		{
			"from": [12.12361, 2.31138, 7.5],
			"to": [13.12361, 5.31138, 8.5],
			"rotation": {"angle": -45, "axis": "z", "origin": [8, 9.49645, 8]},
			"faces": {
				"north": {"uv": [7.11111, 6.37037, 12.22222, 7.77778], "rotation": 90, "texture": "#2"},
				"east": {"uv": [7.11111, 6.37037, 12.22222, 7.77778], "rotation": 90, "texture": "#2"},
				"south": {"uv": [7.11111, 6.37037, 12.22222, 7.77778], "rotation": 90, "texture": "#2"},
				"west": {"uv": [7.11111, 6.37037, 12.22222, 7.77778], "rotation": 90, "texture": "#2"},
				"up": {"uv": [7.11111, 6.37037, 12.22222, 7.77778], "rotation": 90, "texture": "#2"},
				"down": {"uv": [7.11111, 6.37037, 12.22222, 7.77778], "rotation": 90, "texture": "#2"}
			}
		},
		{
			"from": [7.20654, 2.375, 7.675],
			"to": [8.70654, 8.25, 8.325],
			"rotation": {"angle": 0, "axis": "z", "origin": [8, 9.49645, 8]},
			"faces": {
				"north": {"uv": [7.80556, 6.51852, 14.22222, 9.61852], "rotation": 270, "texture": "#2"},
				"east": {"uv": [7.80556, 6.51852, 14.22222, 9.61852], "rotation": 270, "texture": "#2"},
				"south": {"uv": [7.80556, 6.51852, 14.22222, 9.61852], "rotation": 270, "texture": "#2"},
				"west": {"uv": [7.80556, 6.51852, 14.22222, 9.61852], "rotation": 270, "texture": "#2"},
				"up": {"uv": [7.80556, 6.51852, 14.22222, 9.61852], "rotation": 270, "texture": "#2"},
				"down": {"uv": [7.80556, 6.51852, 14.22222, 9.61852], "rotation": 270, "texture": "#2"}
			}
		},
		{
			"from": [6.45654, 8.25, 6.975],
			"to": [9.45654, 9.25, 9.025],
			"rotation": {"angle": 0, "axis": "z", "origin": [8, 9.49645, 8]},
			"faces": {
				"north": {"uv": [7.11111, 0.59259, 2.66667, 13.28148], "rotation": 90, "texture": "#2"},
				"east": {"uv": [7.11111, 0.59259, 2.66667, 13.28148], "rotation": 90, "texture": "#2"},
				"south": {"uv": [7.11111, 0.59259, 2.66667, 13.28148], "rotation": 90, "texture": "#2"},
				"west": {"uv": [7.11111, 0.59259, 2.66667, 13.28148], "rotation": 90, "texture": "#2"},
				"up": {"uv": [7.11111, 0.59259, 2.66667, 13.28148], "rotation": 90, "texture": "#2"},
				"down": {"uv": [7.11111, 0.59259, 2.66667, 13.28148], "rotation": 90, "texture": "#2"}
			}
		},
		{
			"from": [7.64826, 9.2, 8.87419],
			"to": [10.64826, 27.2, 8.87419],
			"rotation": {"angle": 22.5, "axis": "y", "origin": [8, 9.49645, 8]},
			"faces": {
				"east": {"uv": [0, 1.13333, 0, 7.13333], "texture": "#missing"},
				"south": {"uv": [16, 0, 0, 16], "texture": "#1"},
				"west": {"uv": [6, 1.13333, 6, 7.13333], "texture": "#missing"},
				"up": {"uv": [6, 1.13333, 0, 1.13333], "texture": "#missing"},
				"down": {"uv": [12, 1.13333, 6, 1.13333], "texture": "#missing"}
			}
		},
		{
			"from": [4.93154, 9.2, 8],
			"to": [10.93154, 27.2, 8],
			"rotation": {"angle": 0, "axis": "y", "origin": [8, 9.49645, 8]},
			"faces": {
				"north": {"uv": [0, 0, 16, 16], "texture": "#0"},
				"east": {"uv": [0, 1.13333, 0, 7.13333], "texture": "#missing"},
				"south": {"uv": [0, 0, 16, 16], "texture": "#0"},
				"west": {"uv": [6, 1.13333, 6, 7.13333], "texture": "#missing"},
				"up": {"uv": [6, 1.13333, 0, 1.13333], "texture": "#missing"},
				"down": {"uv": [12, 1.13333, 6, 1.13333], "texture": "#missing"}
			}
		},
		{
			"from": [5.35622, 9.2, 8.88499],
			"to": [8.35622, 27.2, 8.88499],
			"rotation": {"angle": -22.5, "axis": "y", "origin": [8, 9.49645, 8]},
			"faces": {
				"east": {"uv": [0, 1.13333, 0, 7.13333], "texture": "#missing"},
				"south": {"uv": [0, 0, 16, 16], "texture": "#1"},
				"west": {"uv": [6, 1.13333, 6, 7.13333], "texture": "#missing"},
				"up": {"uv": [6, 1.13333, 0, 1.13333], "texture": "#missing"},
				"down": {"uv": [12, 1.13333, 6, 1.13333], "texture": "#missing"}
			}
		},
		{
			"from": [7.64826, 9.2, 7.12581],
			"to": [10.64826, 27.2, 7.12581],
			"rotation": {"angle": -22.5, "axis": "y", "origin": [8, 9.49645, 8]},
			"faces": {
				"north": {"uv": [0, 0, 16, 16], "texture": "#1"},
				"east": {"uv": [0, 1.13333, 0, 7.13333], "texture": "#missing"},
				"west": {"uv": [6, 1.13333, 6, 7.13333], "texture": "#missing"},
				"up": {"uv": [6, 1.13333, 0, 1.13333], "texture": "#missing"},
				"down": {"uv": [12, 1.13333, 6, 1.13333], "texture": "#missing"}
			}
		},
		{
			"from": [5.35622, 9.2, 7.11501],
			"to": [8.35622, 27.2, 7.11501],
			"rotation": {"angle": 22.5, "axis": "y", "origin": [8, 9.49645, 8]},
			"faces": {
				"north": {"uv": [16, 0, 0, 16], "texture": "#1"},
				"east": {"uv": [0, 1.13333, 0, 7.13333], "texture": "#missing"},
				"west": {"uv": [6, 1.13333, 6, 7.13333], "texture": "#missing"},
				"up": {"uv": [6, 1.13333, 0, 1.13333], "texture": "#missing"},
				"down": {"uv": [12, 1.13333, 6, 1.13333], "texture": "#missing"}
			}
		},
		{
			"from": [13.12361, 2.31138, 7.5],
			"to": [14.12361, 3.31138, 8.5],
			"rotation": {"angle": -45, "axis": "z", "origin": [8, 9.49645, 8]},
			"faces": {
				"north": {"uv": [4.88889, 7.33333, 6.88889, 8], "rotation": 90, "texture": "#2"},
				"east": {"uv": [4, 0.66667, 6, 1.33333], "rotation": 90, "texture": "#2"},
				"south": {"uv": [4, 7.18519, 6, 7.85185], "rotation": 90, "texture": "#2"},
				"west": {"uv": [4, 0.66667, 6, 1.33333], "rotation": 90, "texture": "#2"},
				"up": {"uv": [4, 0.66667, 6, 1.33333], "rotation": 90, "texture": "#2"},
				"down": {"uv": [4, 0.66667, 6, 1.33333], "rotation": 90, "texture": "#2"}
			}
		},
		{
			"from": [13.12361, 4.31138, 7.5],
			"to": [14.12361, 5.31138, 8.5],
			"rotation": {"angle": -45, "axis": "z", "origin": [8, 9.49645, 8]},
			"faces": {
				"north": {"uv": [0, 0.66667, 2, 1.33333], "rotation": 90, "texture": "#2"},
				"east": {"uv": [0, 0.66667, 2, 1.33333], "rotation": 90, "texture": "#2"},
				"south": {"uv": [0, 0.66667, 2.88889, 1.18519], "rotation": 90, "texture": "#2"},
				"west": {"uv": [0, 0.66667, 2, 1.33333], "rotation": 90, "texture": "#2"},
				"up": {"uv": [0, 0.66667, 5.55556, 1.62963], "rotation": 90, "texture": "#2"},
				"down": {"uv": [0, 0.66667, 2, 1.33333], "rotation": 90, "texture": "#2"}
			}
		},
		{
			"from": [14.12361, 2.31138, 7.5],
			"to": [15.12361, 5.31138, 8.5],
			"rotation": {"angle": -45, "axis": "z", "origin": [8, 9.49645, 8]},
			"faces": {
				"north": {"uv": [2.66667, 1.33333, 8.66667, 2], "rotation": 90, "texture": "#2"},
				"east": {"uv": [2.66667, 1.33333, 8.66667, 2], "rotation": 90, "texture": "#2"},
				"south": {"uv": [2.66667, 1.33333, 8.66667, 2], "rotation": 90, "texture": "#2"},
				"west": {"uv": [2.66667, 1.33333, 8.66667, 2], "rotation": 90, "texture": "#2"},
				"up": {"uv": [2.66667, 1.33333, 8.66667, 2], "rotation": 90, "texture": "#2"},
				"down": {"uv": [2.66667, 1.33333, 8.66667, 2], "rotation": 90, "texture": "#2"}
			}
		},
		{
			"from": [3.06493, 3.62283, 9],
			"to": [6.06493, 4.62283, 10],
			"rotation": {"angle": 22.5, "axis": "z", "origin": [10.25, 8.74645, 9.5]},
			"faces": {
				"north": {"uv": [7.11111, 6.37037, 12.22222, 7.77778], "texture": "#2"},
				"east": {"uv": [7.11111, 6.37037, 12.22222, 7.77778], "rotation": 180, "texture": "#2"},
				"south": {"uv": [7.11111, 6.37037, 12.22222, 7.77778], "rotation": 180, "texture": "#2"},
				"west": {"uv": [7.11111, 6.37037, 12.22222, 7.77778], "rotation": 180, "texture": "#2"},
				"up": {"uv": [7.11111, 6.37037, 12.22222, 7.77778], "rotation": 180, "texture": "#2"},
				"down": {"uv": [7.11111, 6.37037, 12.22222, 7.77778], "rotation": 180, "texture": "#2"}
			}
		},
		{
			"from": [9.45654, 1.625, 9.175],
			"to": [10.95654, 7.5, 9.825],
			"rotation": {"angle": -22.5, "axis": "z", "origin": [10.25, 8.74645, 9.5]},
			"faces": {
				"north": {"uv": [7.80556, 6.51852, 14.22222, 9.61852], "rotation": 270, "texture": "#2"},
				"east": {"uv": [7.80556, 6.51852, 14.22222, 9.61852], "rotation": 270, "texture": "#2"},